country,region,income_group,year,gdp_per_capita,gdp_growth_pct,poverty_rate,gini_index,unemployment_rate,literacy_rate,life_expectancy,health_exp_pct_gdp,edu_exp_pct_gdp,internet_access,inflation_rate,population,hdi
United States,North America,high,2015,46670.36,3.49,0.1172,0.3033,0.0582,0.9828,80.51,9.27,5.34,0.8729,1.19,111328085,0.957
United States,North America,high,2016,40743.42,-2.38,0.1241,0.3233,0.0473,0.9834,80.13,9.95,5.47,0.8942,8.28,61972561,0.951
United States,North America,high,2017,43204.61,1.3,0.1229,0.311,0.0735,0.9839,79.77,9.83,5.13,0.9363,0.1,205619113,0.951
United States,North America,high,2018,49745.69,1.58,0.0973,0.2873,0.0446,0.9877,80.61,9.8,4.95,0.9669,3.56,1067231788,0.961
United States,North America,high,2019,51530.91,4.05,0.0772,0.3252,0.0374,0.9912,80.41,9.23,5.68,0.99,5.83,1170097248,0.963
United States,North America,high,2020,38609.15,-3.48,0.0832,0.3183,0.1008,0.999,80.98,8.83,5.6,0.9876,1.17,1125063232,0.957
United States,North America,high,2021,55643.41,3.77,0.0787,0.3223,0.0439,0.999,80.39,9.19,5.63,0.99,9.22,877141340,0.968
United States,North America,high,2022,51146.46,0.88,0.054,0.3275,0.0566,0.9966,81.21,10.05,5.55,0.99,7.27,477669408,0.968
United States,North America,high,2023,41913.0,-0.2,0.0356,0.3004,0.0744,0.985,81.66,9.23,5.35,0.99,0.1,283710077,0.959
Canada,North America,high,2015,43566.32,2.46,0.0865,0.3209,0.0796,0.9781,80.15,9.49,5.15,0.9243,5.38,1025645498,0.952
Canada,North America,high,2016,46557.76,3.96,0.0996,0.3193,0.0572,0.9871,80.42,9.51,5.14,0.9337,4.58,767633146,0.958
Canada,North America,high,2017,51019.65,3.94,0.085,0.3092,0.0523,0.9826,80.61,10.0,5.52,0.9651,5.68,902955761,0.961
Canada,North America,high,2018,53383.21,4.13,0.0714,0.3405,0.0804,0.9828,80.35,8.92,5.86,0.989,1.33,1207056311,0.961
Canada,North America,high,2019,51981.65,4.21,0.1238,0.3052,0.0441,0.9592,80.2,9.5,5.39,0.9561,0.72,1053704391,0.953
Canada,North America,high,2020,42873.89,-1.18,0.093,0.3087,0.099,0.9876,80.76,10.08,5.42,0.99,3.49,843562244,0.957
Canada,North America,high,2021,66046.72,7.96,0.0799,0.3198,0.0469,0.9981,80.73,9.74,4.92,0.99,3.63,328609715,0.975
Canada,North America,high,2022,50276.88,0.81,0.0337,0.3061,0.0399,0.999,81.1,9.75,6.03,0.99,3.49,606656257,0.967
Canada,North America,high,2023,49244.06,0.45,0.0323,0.3263,0.0377,0.978,81.43,8.88,5.35,0.99,3.99,27268806,0.962
Mexico,North America,middle,2015,12287.93,5.37,0.2801,0.4343,0.0965,0.8968,73.38,5.69,4.13,0.7054,3.7,670898681,0.851
Mexico,North America,middle,2016,12043.28,-1.08,0.2791,0.4129,0.1009,0.9026,72.61,5.71,4.4,0.7181,4.04,226971308,0.848
Mexico,North America,middle,2017,12820.5,1.75,0.2382,0.4184,0.0851,0.9199,73.08,5.71,4.03,0.7559,1.52,814600907,0.858
Mexico,North America,middle,2018,11374.21,0.1,0.2493,0.4248,0.0739,0.9155,74.08,6.15,4.7,0.7402,8.11,1068996491,0.857
Mexico,North America,middle,2019,11330.73,0.13,0.2526,0.4098,0.0874,0.9052,73.3,5.78,4.53,0.8634,2.25,211411513,0.85
Mexico,North America,middle,2020,11110.19,-0.03,0.2939,0.3985,0.1106,0.9191,73.85,5.76,4.22,0.8084,0.1,1297567379,0.856
Mexico,North America,middle,2021,15092.59,3.77,0.2742,0.4177,0.0859,0.9148,73.59,5.92,4.05,0.8223,5.62,512514051,0.865
Mexico,North America,middle,2022,13215.14,0.41,0.2505,0.4186,0.0749,0.9145,74.3,6.67,3.64,0.9083,7.31,553423203,0.863
Mexico,North America,middle,2023,14068.64,1.16,0.2392,0.4167,0.091,0.9243,74.61,6.52,4.21,0.9005,2.72,234717603,0.87
Brazil,South America,middle,2015,12864.12,1.96,0.2677,0.4215,0.096,0.8918,74.05,5.6,3.84,0.7547,5.48,1257322454,0.854
Brazil,South America,middle,2016,13060.18,1.81,0.277,0.4472,0.094,0.9029,73.19,5.9,4.56,0.7248,0.11,890803641,0.854
Brazil,South America,middle,2017,12090.27,2.59,0.2405,0.4359,0.0924,0.9008,73.53,6.07,4.45,0.7998,1.11,1195336956,0.852
Brazil,South America,middle,2018,13507.66,5.46,0.2384,0.4091,0.0712,0.9003,72.7,6.64,4.34,0.7994,4.84,1053881062,0.852
Brazil,South America,middle,2019,14810.68,3.54,0.2787,0.3983,0.0816,0.9046,73.83,6.03,4.5,0.8142,3.64,104204497,0.862
Brazil,South America,middle,2020,8668.5,-5.67,0.3062,0.4095,0.1047,0.9077,73.98,5.58,3.79,0.8032,0.1,1147194715,0.845
Brazil,South America,middle,2021,16233.85,6.14,0.2514,0.4002,0.0983,0.9238,73.67,5.31,4.61,0.8366,6.59,579890494,0.87
Brazil,South America,middle,2022,14874.06,2.28,0.2229,0.4201,0.0805,0.9095,74.36,5.57,4.16,0.8636,9.3,987013373,0.866
Brazil,South America,middle,2023,8774.71,-4.46,0.2106,0.4341,0.0743,0.9201,74.87,4.96,4.0,0.8978,6.53,1315156874,0.853
Argentina,South America,middle,2015,11067.93,1.63,0.2732,0.4359,0.0724,0.8882,71.98,5.89,4.42,0.7651,3.69,1284726109,0.838
Argentina,South America,middle,2016,13437.17,4.46,0.2786,0.3944,0.0894,0.9058,73.13,5.17,4.17,0.7009,5.17,330830514,0.856
Argentina,South America,middle,2017,11716.95,-1.85,0.3046,0.4442,0.0819,0.9096,72.84,6.4,4.13,0.774,3.54,442809212,0.851
Argentina,South America,middle,2018,11878.4,1.44,0.2401,0.3985,0.0881,0.9066,72.31,5.96,4.21,0.7954,6.51,356152366,0.848
Argentina,South America,middle,2019,11786.94,0.05,0.2488,0.4227,0.0822,0.9082,73.76,5.99,4.22,0.8058,7.49,952109249,0.855
Argentina,South America,middle,2020,8893.43,-6.96,0.3148,0.4368,0.1249,0.8854,73.37,5.43,4.01,0.7876,1.74,519374443,0.836
Argentina,South America,middle,2021,12770.18,0.65,0.2242,0.4586,0.0738,0.916,74.72,6.59,4.8,0.7943,0.66,631709785,0.864
Argentina,South America,middle,2022,11721.91,-0.33,0.2359,0.4274,0.0781,0.9119,72.91,6.32,4.24,0.9139,8.03,1383089533,0.852
Argentina,South America,middle,2023,19285.87,6.59,0.2484,0.4101,0.0857,0.9084,73.3,5.35,4.21,0.8878,1.24,1244658815,0.87
Colombia,South America,middle,2015,12829.47,2.53,0.2625,0.4332,0.0732,0.8925,71.93,6.8,4.8,0.7388,0.97,382390675,0.845
Colombia,South America,middle,2016,13021.05,4.17,0.2494,0.4091,0.1143,0.8843,72.63,6.07,4.23,0.7546,7.45,1214095516,0.846
Colombia,South America,middle,2017,12164.31,3.18,0.2558,0.4152,0.0868,0.9094,73.82,5.12,4.31,0.7519,5.87,1364784231,0.856
Colombia,South America,middle,2018,15225.4,6.04,0.248,0.4306,0.1121,0.926,72.66,5.52,3.72,0.7576,3.64,988656551,0.864
Colombia,South America,middle,2019,13223.86,0.73,0.2537,0.3978,0.1014,0.9114,73.39,6.25,4.88,0.8055,4.12,656438629,0.858
Colombia,South America,middle,2020,11938.41,-0.97,0.2644,0.4136,0.1205,0.9096,72.63,6.27,4.88,0.792,2.39,14828366,0.85
Colombia,South America,middle,2021,18140.43,6.51,0.2136,0.4408,0.0901,0.8957,74.04,5.58,4.05,0.8451,5.59,1241648281,0.868
Colombia,South America,middle,2022,14880.4,2.86,0.2769,0.4216,0.0873,0.9188,74.16,5.68,4.34,0.9165,10.81,337091442,0.868
Colombia,South America,middle,2023,13479.56,0.52,0.2135,0.4581,0.0852,0.9101,74.13,6.43,4.03,0.9056,0.1,1025060065,0.862
Peru,South America,lower-middle,2015,3701.02,2.82,0.4655,0.3771,0.1031,0.7881,68.14,3.91,3.77,0.5298,5.36,70170480,0.751
Peru,South America,lower-middle,2016,3807.91,1.96,0.4199,0.38,0.1016,0.7952,68.22,3.89,3.7,0.5666,7.39,823997532,0.755
Peru,South America,lower-middle,2017,4184.48,-0.37,0.4633,0.3552,0.107,0.8063,69.21,3.59,4.34,0.6378,6.96,447302083,0.766
Peru,South America,lower-middle,2018,4693.77,3.08,0.4209,0.3589,0.0922,0.7949,69.33,4.57,3.88,0.6317,4.18,89656124,0.767
Peru,South America,lower-middle,2019,3898.12,-0.92,0.4382,0.3821,0.1098,0.8166,68.91,4.21,3.52,0.5792,4.75,378340113,0.765
Peru,South America,lower-middle,2020,2638.27,-7.75,0.4066,0.3678,0.1194,0.8161,69.37,3.33,2.97,0.6337,6.11,1137178261,0.753
Peru,South America,lower-middle,2021,5511.4,5.57,0.4028,0.379,0.0766,0.829,68.94,3.88,3.99,0.6885,4.0,573122009,0.782
Peru,South America,lower-middle,2022,3833.58,-0.08,0.396,0.3829,0.0802,0.8181,68.2,4.61,3.64,0.6977,12.99,436716619,0.762
Peru,South America,lower-middle,2023,7816.69,8.02,0.3817,0.4011,0.085,0.7975,68.71,4.26,3.43,0.7347,6.69,956476410,0.783
Chile,South America,middle,2015,11954.02,3.65,0.2449,0.4274,0.0918,0.8914,73.35,5.77,4.24,0.7968,3.26,534709256,0.848
Chile,South America,middle,2016,11385.1,1.8,0.2769,0.4195,0.1077,0.8957,74.06,6.28,4.03,0.759,5.93,1173854493,0.851
Chile,South America,middle,2017,14065.49,4.47,0.2521,0.43,0.1001,0.8953,73.32,6.51,4.41,0.7851,6.92,1077315928,0.855
Chile,South America,middle,2018,13531.44,3.03,0.2707,0.4222,0.0862,0.907,73.18,5.22,4.12,0.7907,2.03,832206514,0.857
Chile,South America,middle,2019,13969.83,2.42,0.2616,0.413,0.0989,0.8939,73.85,5.58,4.58,0.7922,3.84,1359161678,0.857
Chile,South America,middle,2020,12412.75,0.17,0.2657,0.4457,0.1163,0.92,73.53,5.53,4.98,0.8005,0.1,1171886635,0.859
Chile,South America,middle,2021,13636.22,3.25,0.2479,0.3998,0.0708,0.902,73.52,5.99,4.27,0.8865,1.0,942393291,0.857
Chile,South America,middle,2022,16586.41,3.63,0.1933,0.4237,0.0893,0.913,74.08,6.46,4.1,0.8785,4.16,521851053,0.87
Chile,South America,middle,2023,12804.27,1.46,0.204,0.4104,0.0919,0.9302,73.91,5.67,4.34,0.8634,5.08,966289335,0.865
Venezuela,South America,lower-middle,2015,3854.69,-1.99,0.4324,0.3709,0.0997,0.8051,67.9,3.84,3.79,0.5429,7.26,145026769,0.757
Venezuela,South America,lower-middle,2016,4286.66,1.46,0.4465,0.3278,0.0913,0.8141,68.32,4.73,3.16,0.5208,8.16,96312343,0.765
Venezuela,South America,lower-middle,2017,4541.12,3.68,0.4562,0.3861,0.1072,0.809,68.73,4.6,3.96,0.5705,8.2,130616114,0.768
Venezuela,South America,lower-middle,2018,4445.2,1.42,0.4388,0.3678,0.1086,0.8125,67.5,4.09,3.24,0.5983,5.32,84146438,0.762
Venezuela,South America,lower-middle,2019,4487.12,3.58,0.419,0.3891,0.1019,0.8035,68.7,4.63,3.19,0.634,5.25,253766485,0.765
Venezuela,South America,lower-middle,2020,3524.93,-3.62,0.4316,0.3857,0.1395,0.7896,68.47,4.95,3.07,0.584,10.25,707758950,0.752
Venezuela,South America,lower-middle,2021,6149.29,6.67,0.3921,0.3727,0.0865,0.7935,68.62,4.67,3.22,0.6466,8.6,656404056,0.773
Venezuela,South America,lower-middle,2022,5067.6,3.5,0.4284,0.3618,0.0915,0.8124,68.46,4.05,3.51,0.6705,11.08,506009282,0.771
Venezuela,South America,lower-middle,2023,6015.3,5.78,0.416,0.3577,0.0932,0.8204,68.7,4.56,2.98,0.7189,6.9,647443984,0.781
Bolivia,South America,lower-middle,2015,4064.01,1.6,0.4015,0.3954,0.0891,0.8037,68.24,4.19,3.33,0.5421,5.99,309532525,0.76
Bolivia,South America,lower-middle,2016,4177.22,2.49,0.4188,0.3879,0.1178,0.7932,68.17,4.09,3.47,0.5646,5.17,575009793,0.757
Bolivia,South America,lower-middle,2017,4034.94,4.34,0.4451,0.3853,0.1013,0.821,68.99,3.59,3.76,0.628,8.4,487144366,0.768
Bolivia,South America,lower-middle,2018,4556.66,2.73,0.445,0.4111,0.0931,0.8234,68.55,3.94,3.35,0.6004,8.06,1054170604,0.771
Bolivia,South America,lower-middle,2019,4714.96,3.55,0.4065,0.4245,0.099,0.7987,68.98,3.75,3.67,0.6149,7.53,136651518,0.767
Bolivia,South America,lower-middle,2020,2893.9,-5.26,0.4436,0.3875,0.1546,0.8176,70.3,4.34,4.28,0.6624,6.74,131248185,0.761
Bolivia,South America,lower-middle,2021,4500.17,1.73,0.3905,0.4021,0.1038,0.8057,69.1,4.4,3.58,0.6535,5.32,59181889,0.768
Bolivia,South America,lower-middle,2022,4962.92,3.15,0.3882,0.3882,0.0863,0.8217,67.63,4.66,2.98,0.6791,8.63,1113674625,0.77
Bolivia,South America,lower-middle,2023,4963.65,2.53,0.3841,0.3589,0.0845,0.8203,69.05,3.43,3.3,0.7685,5.53,631019688,0.776
United Kingdom,Europe,high,2015,45843.44,-0.61,0.1114,0.3074,0.0602,0.9885,80.61,9.99,5.47,0.9009,6.75,254710469,0.959
United Kingdom,Europe,high,2016,44201.2,1.98,0.1081,0.3207,0.0481,0.9807,79.63,9.42,5.63,0.8923,3.52,642129193,0.951
United Kingdom,Europe,high,2017,47775.42,1.54,0.0549,0.321,0.059,0.9855,79.46,9.67,4.87,0.908,4.76,813953172,0.954
United Kingdom,Europe,high,2018,48805.62,3.05,0.083,0.3171,0.0572,0.9947,80.7,9.56,5.61,0.99,3.36,308266535,0.963
United Kingdom,Europe,high,2019,50406.94,1.7,0.0936,0.3227,0.0625,0.9964,81.51,9.1,5.37,0.9216,5.83,1089168972,0.969
United Kingdom,Europe,high,2020,47434.91,0.31,0.0949,0.3345,0.106,0.9957,80.6,10.05,5.45,0.99,0.15,196079221,0.962
United Kingdom,Europe,high,2021,70846.36,7.68,0.1037,0.3331,0.0234,0.999,82.02,9.38,5.49,0.9743,4.28,617359117,0.98
United Kingdom,Europe,high,2022,47725.27,1.12,0.109,0.3209,0.0563,0.9895,81.04,9.04,5.04,0.99,3.01,149321835,0.962
United Kingdom,Europe,high,2023,66751.23,4.54,0.0123,0.3227,0.0632,0.9933,81.83,9.55,5.61,0.99,2.29,840621650,0.979
Germany,Europe,high,2015,43248.79,2.43,0.101,0.3052,0.044,0.9818,80.7,9.87,5.03,0.8603,5.85,1393021849,0.955
Germany,Europe,high,2016,47337.31,2.23,0.1088,0.3216,0.0417,0.976,80.31,8.86,5.63,0.9094,4.88,1319227974,0.955
Germany,Europe,high,2017,46627.11,1.58,0.127,0.3237,0.0775,0.9973,80.51,9.08,5.64,0.9522,2.87,1164403671,0.962
Germany,Europe,high,2018,47037.1,0.01,0.0821,0.332,0.0494,0.999,80.04,9.6,5.27,0.99,0.41,726615534,0.96
Germany,Europe,high,2019,51425.69,3.51,0.0808,0.3003,0.0564,0.9774,80.23,9.72,5.14,0.99,0.12,256060664,0.958
Germany,Europe,high,2020,34546.17,-4.01,0.0868,0.3446,0.1144,0.999,81.03,10.15,5.39,0.9839,6.33,372899367,0.954
Germany,Europe,high,2021,48330.34,1.63,0.0469,0.3047,0.0658,0.9969,81.38,9.58,5.32,0.99,0.1,778660738,0.967
Germany,Europe,high,2022,39435.81,-1.49,0.0715,0.3304,0.0645,0.9914,81.91,9.54,5.3,0.99,7.71,158878735,0.96
Germany,Europe,high,2023,61171.8,5.0,0.05,0.285,0.04,0.9885,81.59,9.24,5.58,0.99,1.78,553525216,0.974
France,Europe,high,2015,42546.99,2.81,0.1693,0.3098,0.0433,0.9646,79.4,9.52,5.02,0.8735,5.53,437049347,0.943
France,Europe,high,2016,46948.6,3.23,0.14,0.3204,0.0303,0.9909,79.0,10.09,5.83,0.9632,4.15,611784578,0.953
France,Europe,high,2017,42965.51,1.16,0.1238,0.3022,0.0515,0.9736,80.96,9.52,5.55,0.9232,3.99,1352450144,0.954
France,Europe,high,2018,49211.76,2.45,0.1124,0.3102,0.0603,0.9607,80.48,9.35,5.2,0.9652,3.63,409975707,0.952
France,Europe,high,2019,49438.86,2.63,0.0485,0.3242,0.0471,0.9934,79.96,9.11,5.63,0.9493,3.34,1097010673,0.96
France,Europe,high,2020,37492.6,-5.01,0.0824,0.3138,0.0866,0.987,80.76,9.21,5.04,0.99,5.88,537128563,0.952
France,Europe,high,2021,65592.64,6.75,0.0855,0.3009,0.0585,0.9726,82.25,9.34,5.15,0.99,0.88,1251991077,0.974
France,Europe,high,2022,56633.44,4.23,0.0481,0.2978,0.0468,0.9938,81.34,9.55,5.21,0.99,4.7,426261494,0.971
France,Europe,high,2023,64471.63,3.96,0.0312,0.3352,0.0482,0.999,81.14,9.69,5.55,0.99,3.08,1091877695,0.977
Italy,Europe,high,2015,45987.85,2.32,0.1384,0.3311,0.058,0.993,80.78,9.51,5.27,0.9038,1.81,57492736,0.961
Italy,Europe,high,2016,42211.9,1.29,0.1105,0.3319,0.0673,0.9808,80.2,9.5,5.34,0.8869,0.1,1184627918,0.952
Italy,Europe,high,2017,45672.27,0.35,0.0684,0.308,0.0536,0.9935,80.32,9.23,5.71,0.9237,3.21,135146681,0.959
Italy,Europe,high,2018,49783.52,4.42,0.0949,0.3189,0.0443,0.9856,79.94,9.52,5.75,0.9178,4.41,192843081,0.958
Italy,Europe,high,2019,49580.42,3.61,0.0838,0.3043,0.0353,0.999,80.05,9.41,5.42,0.9792,5.54,1232960290,0.962
Italy,Europe,high,2020,46330.93,-0.59,0.1151,0.2951,0.0759,0.999,80.68,9.35,5.25,0.99,4.5,174892699,0.963
Italy,Europe,high,2021,56804.75,3.94,0.0837,0.3274,0.0522,0.999,81.44,8.74,5.52,0.99,5.06,336454571,0.973
Italy,Europe,high,2022,60193.75,5.08,0.0775,0.3162,0.0448,0.999,80.59,10.02,5.37,0.99,4.36,1006033599,0.971
Italy,Europe,high,2023,68140.94,5.59,0.0749,0.3446,0.0713,0.9983,81.32,9.83,5.74,0.99,5.46,1317560118,0.979
Spain,Europe,high,2015,42297.94,2.96,0.053,0.3435,0.0425,0.9732,80.34,9.66,5.24,0.8775,0.55,383825846,0.95
Spain,Europe,high,2016,47800.8,2.56,0.1335,0.3167,0.0518,0.9796,80.21,10.5,5.4,0.9008,3.66,1388443346,0.956
Spain,Europe,high,2017,42547.03,0.86,0.1039,0.3367,0.0485,0.9935,80.64,8.39,5.74,0.917,1.28,1018000672,0.958
Spain,Europe,high,2018,48983.84,2.33,0.0936,0.3228,0.0608,0.999,79.91,9.36,5.58,0.9844,2.74,1035733670,0.961
Spain,Europe,high,2019,54493.42,6.27,0.1189,0.2988,0.0433,0.9827,80.99,8.74,5.55,0.99,3.01,804299492,0.965
Spain,Europe,high,2020,34594.01,-6.4,0.1097,0.3414,0.0992,0.98,80.59,9.49,5.77,0.9692,0.83,1173015183,0.946
Spain,Europe,high,2021,53931.93,4.04,0.0863,0.3358,0.0653,0.9789,80.35,9.43,5.53,0.99,1.27,212535306,0.96
Spain,Europe,high,2022,57755.12,2.63,0.0743,0.3184,0.039,0.999,80.59,9.06,5.67,0.99,14.41,471121087,0.97
Spain,Europe,high,2023,46561.91,1.29,0.0886,0.327,0.0641,0.999,80.06,9.6,5.93,0.99,4.88,716996244,0.96
Poland,Europe,high,2015,42955.85,3.31,0.1023,0.3445,0.0524,0.9894,79.66,9.38,5.26,0.826,3.41,712408403,0.952
Poland,Europe,high,2016,49482.74,5.67,0.1175,0.3054,0.0596,0.9978,80.34,10.23,6.11,0.9019,1.76,1218031467,0.963
Poland,Europe,high,2017,43982.31,2.14,0.1679,0.3356,0.0601,0.9971,80.02,8.77,5.56,0.9409,6.92,583027092,0.957
Poland,Europe,high,2018,48992.79,4.6,0.0684,0.3207,0.0646,0.999,79.53,9.65,5.16,0.9737,2.82,730223274,0.959
Poland,Europe,high,2019,50586.3,1.41,0.0777,0.3057,0.0592,0.999,80.07,9.51,5.92,0.9676,4.63,530849588,0.963
Poland,Europe,high,2020,43231.23,0.3,0.0911,0.3348,0.0864,0.9873,81.04,9.63,5.56,0.9794,0.35,809928188,0.958
Poland,Europe,high,2021,60385.11,5.55,0.0866,0.3311,0.0393,0.9927,81.42,9.32,5.41,0.99,2.35,614765043,0.974
Poland,Europe,high,2022,52604.68,3.0,0.0724,0.3029,0.0651,0.999,81.31,9.67,5.61,0.99,7.99,1357569314,0.97
Poland,Europe,high,2023,54256.19,1.7,0.0665,0.3331,0.0315,0.9973,82.17,9.1,5.3,0.99,3.95,1004710096,0.975
Ukraine,Europe,lower-middle,2015,4105.59,3.95,0.4633,0.3861,0.0976,0.8067,68.95,4.15,3.21,0.5832,6.7,205352583,0.764
Ukraine,Europe,lower-middle,2016,4278.36,2.02,0.4217,0.3743,0.0998,0.7979,68.12,4.42,3.77,0.6001,12.14,555778491,0.759
Ukraine,Europe,lower-middle,2017,4360.49,1.43,0.4502,0.3851,0.0935,0.7949,68.35,3.45,3.41,0.5418,8.95,1293142778,0.76
Ukraine,Europe,lower-middle,2018,4163.17,3.81,0.4566,0.362,0.0873,0.8184,68.51,3.98,2.99,0.6356,5.29,320033044,0.766
Ukraine,Europe,lower-middle,2019,4388.74,1.03,0.4187,0.3661,0.1024,0.8178,68.85,4.28,3.8,0.5489,8.69,1366275211,0.77
Ukraine,Europe,lower-middle,2020,3516.26,-1.37,0.4054,0.373,0.1408,0.8163,69.45,4.64,3.39,0.6349,12.43,1236583307,0.764
Ukraine,Europe,lower-middle,2021,5648.18,5.25,0.413,0.4144,0.0911,0.8109,68.81,4.02,2.84,0.6634,1.83,847233255,0.776
Ukraine,Europe,lower-middle,2022,3328.24,-2.53,0.365,0.3944,0.1136,0.817,69.19,4.08,2.96,0.6465,7.39,1265524906,0.761
Ukraine,Europe,lower-middle,2023,5350.43,4.16,0.3744,0.382,0.1033,0.818,69.7,4.17,3.32,0.7544,5.23,739194620,0.781
Romania,Europe,middle,2015,11634.0,4.04,0.3106,0.4128,0.0915,0.9161,73.45,5.89,3.93,0.6554,1.7,524798418,0.855
Romania,Europe,middle,2016,13376.92,4.76,0.316,0.3949,0.081,0.8967,73.9,6.53,4.6,0.747,5.78,14249677,0.856
Romania,Europe,middle,2017,13191.75,3.92,0.2687,0.4257,0.0964,0.9046,72.93,5.32,4.01,0.8403,2.29,192857881,0.854
Romania,Europe,middle,2018,13439.23,2.15,0.2263,0.4175,0.0835,0.903,73.99,6.03,3.96,0.7879,6.13,976861355,0.859
Romania,Europe,middle,2019,14589.68,3.56,0.2578,0.418,0.0981,0.9159,72.73,6.52,3.7,0.831,6.32,55171169,0.86
Romania,Europe,middle,2020,7602.35,-7.64,0.2485,0.4317,0.126,0.9084,73.47,5.92,3.69,0.7958,3.77,765727333,0.838
Romania,Europe,middle,2021,16745.73,5.54,0.2552,0.4204,0.0842,0.8943,73.17,5.66,4.07,0.8071,3.41,503813052,0.86
Romania,Europe,middle,2022,11695.22,-0.31,0.1949,0.4219,0.0799,0.9054,74.1,5.57,4.3,0.939,4.15,728001708,0.855
Romania,Europe,middle,2023,13681.26,2.06,0.2406,0.4082,0.0738,0.9143,73.96,5.21,4.42,0.8478,4.1,651484876,0.863
Greece,Europe,high,2015,44292.81,2.09,0.1667,0.3365,0.0746,0.9677,80.25,9.31,5.47,0.9693,0.1,983177682,0.95
Greece,Europe,high,2016,47092.36,3.02,0.0916,0.3111,0.034,0.9752,80.19,9.36,6.09,0.9106,5.13,407319979,0.954
Greece,Europe,high,2017,50079.54,4.75,0.103,0.2983,0.0466,0.9904,79.94,9.6,4.77,0.99,2.83,443589102,0.959
Greece,Europe,high,2018,53268.54,3.33,0.1258,0.317,0.0535,0.9841,81.02,9.74,4.62,0.9697,3.99,87102991,0.965
Greece,Europe,high,2019,60303.03,6.98,0.0972,0.3121,0.0651,0.9901,81.46,9.45,5.39,0.9516,3.97,29334476,0.973
Greece,Europe,high,2020,42270.65,-1.74,0.1201,0.3267,0.0678,0.9812,79.93,8.85,5.44,0.9735,6.24,481733186,0.951
Greece,Europe,high,2021,58575.0,3.57,0.0787,0.318,0.0288,0.9965,80.52,9.06,5.69,0.99,6.07,1261342742,0.969
Greece,Europe,high,2022,55772.01,2.19,0.078,0.316,0.025,0.999,80.43,9.52,5.58,0.99,1.98,532940309,0.968
Greece,Europe,high,2023,60457.41,3.86,0.0641,0.3233,0.0579,0.999,82.31,8.87,5.43,0.99,0.96,276823901,0.98
Portugal,Europe,high,2015,46982.49,0.19,0.1213,0.3196,0.0373,0.9731,79.8,9.29,5.55,0.8653,6.3,5578526,0.951
Portugal,Europe,high,2016,48233.61,3.62,0.0997,0.3333,0.0571,0.9723,81.37,9.69,5.45,0.9049,3.87,284105672,0.959
Portugal,Europe,high,2017,48548.78,1.55,0.1215,0.3176,0.0644,0.9817,80.68,9.47,6.09,0.9771,0.18,880559543,0.959
Portugal,Europe,high,2018,44296.35,0.82,0.1042,0.3175,0.057,0.9794,80.25,9.66,5.55,0.9444,0.1,581984786,0.953
Portugal,Europe,high,2019,46920.07,1.62,0.0908,0.32,0.061,0.9736,79.45,9.28,5.13,0.9548,3.13,1154194216,0.95
Portugal,Europe,high,2020,29293.64,-7.98,0.0995,0.3413,0.1052,0.999,81.09,9.43,5.61,0.9724,3.85,627051307,0.948
Portugal,Europe,high,2021,74165.27,9.93,0.0522,0.3217,0.0419,0.9971,81.19,9.13,5.53,0.9775,5.47,88011541,0.98
Portugal,Europe,high,2022,50685.67,2.85,0.0656,0.3071,0.057,0.9915,81.27,9.75,5.61,0.99,4.53,1131608704,0.966
Portugal,Europe,high,2023,61467.1,3.93,0.0704,0.3164,0.0469,0.999,80.83,8.64,5.58,0.99,0.12,759110770,0.973
China,Asia,middle,2015,11919.35,3.84,0.2935,0.396,0.0817,0.899,72.18,5.93,4.7,0.7206,4.08,268253791,0.845
China,Asia,middle,2016,11712.35,2.09,0.259,0.4144,0.0868,0.9148,73.43,5.56,4.27,0.7549,6.35,708863646,0.855
China,Asia,middle,2017,11740.24,0.16,0.281,0.4165,0.0947,0.9139,73.26,5.87,4.25,0.7349,8.72,581706101,0.854
China,Asia,middle,2018,12174.85,-0.88,0.2416,0.4268,0.0885,0.9071,73.66,5.48,4.26,0.8487,0.1,903444715,0.855
China,Asia,middle,2019,12772.75,3.1,0.2618,0.4202,0.0918,0.9242,73.05,6.11,3.95,0.7223,3.38,101807357,0.859
China,Asia,middle,2020,10405.79,-2.61,0.2543,0.4224,0.1346,0.9102,73.71,5.5,3.91,0.8449,7.21,608937600,0.851
China,Asia,middle,2021,17545.44,5.61,0.2531,0.4118,0.0927,0.9257,74.02,6.02,3.8,0.8218,5.4,1060734938,0.875
China,Asia,middle,2022,14595.52,2.46,0.2143,0.4146,0.0735,0.9214,73.96,5.74,4.6,0.9026,6.8,252832162,0.867
China,Asia,middle,2023,11366.02,-1.23,0.2362,0.4261,0.0642,0.9298,73.58,5.72,4.02,0.8342,3.58,172202920,0.859
India,Asia,lower-middle,2015,3823.93,3.38,0.4327,0.4053,0.0947,0.7807,68.84,4.57,3.36,0.5435,4.22,1135041805,0.754
India,Asia,lower-middle,2016,4088.19,2.24,0.4722,0.3861,0.0867,0.7965,67.64,4.05,3.63,0.5703,8.77,413249710,0.755
India,Asia,lower-middle,2017,4159.66,3.37,0.4421,0.3956,0.1074,0.7945,68.51,4.24,3.82,0.5728,2.83,166366596,0.759
India,Asia,lower-middle,2018,4575.69,4.41,0.3818,0.3703,0.1013,0.8197,68.03,3.97,3.32,0.6092,6.45,11330034,0.768
India,Asia,lower-middle,2019,4917.48,4.71,0.3999,0.4022,0.0952,0.8165,68.72,3.97,3.72,0.6115,6.06,1322238645,0.773
India,Asia,lower-middle,2020,3159.01,-5.39,0.408,0.3821,0.1258,0.805,68.82,3.5,3.73,0.6081,8.19,1144567096,0.754
India,Asia,lower-middle,2021,4864.7,3.15,0.4086,0.3907,0.0996,0.7999,68.81,4.09,3.57,0.6639,6.83,227888616,0.768
India,Asia,lower-middle,2022,4287.97,1.38,0.372,0.3959,0.0994,0.8203,69.09,3.24,3.48,0.7036,10.29,1011929023,0.771
India,Asia,lower-middle,2023,5165.91,3.01,0.3795,0.3808,0.1192,0.8191,70.12,3.27,3.9,0.7046,2.13,513920807,0.782
Japan,Asia,high,2015,45379.49,3.48,0.1095,0.3051,0.0522,0.9688,79.49,9.65,5.74,0.8705,5.43,541330167,0.947
Japan,Asia,high,2016,44284.99,2.55,0.114,0.3141,0.0508,0.9815,80.03,9.35,5.12,0.9066,5.26,458139524,0.953
Japan,Asia,high,2017,47668.35,1.43,0.0699,0.3135,0.0534,0.9894,80.22,10.05,5.84,0.8944,4.8,1230220223,0.959
Japan,Asia,high,2018,45615.55,1.67,0.1012,0.3124,0.0383,0.9727,80.49,10.11,5.32,0.9307,7.75,89629168,0.953
Japan,Asia,high,2019,42038.97,-0.49,0.075,0.2938,0.0537,0.9975,79.96,9.54,5.62,0.9675,3.96,400424693,0.955
Japan,Asia,high,2020,45564.43,1.61,0.152,0.3316,0.0931,0.9699,81.18,10.21,5.01,0.99,2.96,13669441,0.956
Japan,Asia,high,2021,74818.78,8.33,0.0865,0.3166,0.0446,0.9767,81.16,9.73,5.48,0.99,2.66,814775721,0.975
Japan,Asia,high,2022,48963.7,0.84,0.078,0.3455,0.0449,0.999,80.89,9.6,5.59,0.9454,6.87,389201975,0.966
Japan,Asia,high,2023,76469.0,6.43,0.0668,0.3288,0.0337,0.9863,80.26,9.68,5.1,0.99,6.69,1315352933,0.975
South Korea,Asia,high,2015,43439.79,2.23,0.0719,0.3129,0.0683,0.9632,80.05,9.34,5.94,0.9079,2.04,1159717040,0.947
South Korea,Asia,high,2016,48482.1,1.66,0.1393,0.3358,0.0594,0.999,80.12,9.65,5.36,0.9101,0.1,1229485375,0.962
South Korea,Asia,high,2017,45084.23,1.73,0.1031,0.3096,0.055,0.9919,80.29,9.6,5.39,0.9825,0.95,1122707648,0.958
South Korea,Asia,high,2018,56542.78,5.48,0.0977,0.3328,0.0646,0.9839,81.08,9.46,5.73,0.9013,4.38,1046662012,0.967
South Korea,Asia,high,2019,56358.03,4.6,0.0787,0.3282,0.0525,0.9867,80.76,9.53,4.83,0.9631,1.37,234227506,0.966
South Korea,Asia,high,2020,43158.36,-0.9,0.106,0.3233,0.0419,0.9794,80.57,8.77,5.98,0.9708,0.1,991116590,0.954
South Korea,Asia,high,2021,65032.41,6.24,0.0802,0.3099,0.0546,0.9714,81.18,10.13,5.33,0.99,8.08,513588705,0.969
South Korea,Asia,high,2022,70934.7,7.35,0.0727,0.3178,0.0391,0.9866,80.7,9.55,5.63,0.9672,10.75,180685650,0.974
South Korea,Asia,high,2023,65684.29,5.48,0.0456,0.328,0.0254,0.9924,81.23,9.55,5.59,0.99,3.48,618501567,0.976
Indonesia,Asia,lower-middle,2015,3753.14,2.52,0.458,0.3912,0.1111,0.8054,68.67,4.37,3.76,0.5781,6.44,958055210,0.76
Indonesia,Asia,lower-middle,2016,3697.71,0.31,0.4588,0.3842,0.1176,0.8057,68.34,4.18,3.87,0.6029,5.44,50362588,0.758
Indonesia,Asia,lower-middle,2017,4518.0,3.17,0.428,0.368,0.0994,0.8164,68.07,4.18,3.52,0.6155,1.38,290893339,0.767
Indonesia,Asia,lower-middle,2018,4364.29,3.22,0.4267,0.3844,0.1001,0.8053,68.16,4.26,3.42,0.6564,9.03,961651379,0.763
Indonesia,Asia,lower-middle,2019,4670.66,2.24,0.4101,0.3967,0.096,0.8041,69.13,3.89,3.57,0.5802,11.55,211297401,0.769
Indonesia,Asia,lower-middle,2020,3862.52,-1.63,0.4172,0.3809,0.1308,0.817,68.83,4.15,3.61,0.6565,3.85,1116173846,0.765
Indonesia,Asia,lower-middle,2021,5731.23,6.06,0.4102,0.3681,0.1006,0.8284,68.57,4.75,2.97,0.6817,3.93,968551881,0.781
Indonesia,Asia,lower-middle,2022,3665.84,-0.24,0.3946,0.3664,0.1052,0.8191,69.57,3.94,3.76,0.6572,12.77,1071151874,0.767
Indonesia,Asia,lower-middle,2023,3847.69,0.15,0.3681,0.3648,0.097,0.8007,69.51,4.62,3.66,0.7314,8.9,811261573,0.763
Pakistan,Asia,lower-middle,2015,4158.62,3.83,0.4639,0.3738,0.0949,0.783,67.87,4.57,3.44,0.5634,9.78,721604081,0.753
Pakistan,Asia,lower-middle,2016,3876.82,1.79,0.4704,0.4059,0.101,0.821,67.79,4.29,3.39,0.5878,9.24,412669423,0.761
Pakistan,Asia,lower-middle,2017,4469.14,7.4,0.4105,0.3826,0.0993,0.8021,68.28,4.11,3.34,0.5972,8.21,1331955875,0.763
Pakistan,Asia,lower-middle,2018,4674.79,4.64,0.4664,0.3837,0.1105,0.8074,68.46,4.06,3.97,0.5854,10.83,988012627,0.767
Pakistan,Asia,lower-middle,2019,4697.4,4.61,0.422,0.4008,0.0849,0.8029,69.71,4.08,2.62,0.6264,9.81,405111512,0.772
Pakistan,Asia,lower-middle,2020,3438.31,-3.98,0.4421,0.3747,0.1142,0.8165,68.84,4.22,3.53,0.6275,10.08,1069268608,0.761
Pakistan,Asia,lower-middle,2021,5673.6,6.13,0.3844,0.3943,0.0947,0.8172,69.57,4.54,3.65,0.6406,14.65,665097996,0.782
Pakistan,Asia,lower-middle,2022,5706.46,4.87,0.4,0.3826,0.087,0.8159,68.63,4.05,3.55,0.6949,11.26,504566931,0.777
Pakistan,Asia,lower-middle,2023,4894.83,3.16,0.402,0.3894,0.082,0.825,68.88,4.3,3.75,0.709,8.14,1190031028,0.776
Bangladesh,Asia,lower-middle,2015,3722.89,2.14,0.4403,0.3769,0.0925,0.7982,67.23,4.0,3.41,0.5423,6.4,1118652861,0.75
Bangladesh,Asia,lower-middle,2016,3957.64,3.59,0.4176,0.3588,0.087,0.8105,68.9,4.17,3.13,0.5488,9.52,1343697623,0.764
Bangladesh,Asia,lower-middle,2017,3964.1,-0.35,0.4496,0.3788,0.0917,0.8132,68.03,4.15,3.31,0.6422,6.2,324062703,0.761
Bangladesh,Asia,lower-middle,2018,4477.4,2.94,0.4264,0.3826,0.0896,0.8062,68.27,5.04,3.38,0.6653,8.47,683959547,0.764
Bangladesh,Asia,lower-middle,2019,4681.51,4.4,0.4107,0.3721,0.0804,0.8031,68.77,4.3,3.12,0.6195,13.71,626676126,0.767
Bangladesh,Asia,lower-middle,2020,3442.95,-4.24,0.4064,0.3944,0.142,0.8123,67.46,4.1,3.56,0.6749,7.17,334054629,0.753
Bangladesh,Asia,lower-middle,2021,5394.81,4.3,0.3821,0.3692,0.0877,0.8238,69.0,3.99,3.65,0.6369,8.7,942194237,0.779
Bangladesh,Asia,lower-middle,2022,6712.58,7.46,0.4393,0.3901,0.1037,0.8082,69.12,3.67,3.32,0.7016,4.21,861868812,0.783
Bangladesh,Asia,lower-middle,2023,5133.49,4.16,0.3855,0.366,0.0833,0.8189,69.11,3.3,2.86,0.6918,8.14,1123513909,0.777
Vietnam,Asia,lower-middle,2015,4319.72,6.38,0.422,0.3721,0.1139,0.7961,68.19,4.26,2.86,0.573,7.54,47322633,0.76
Vietnam,Asia,lower-middle,2016,4147.54,1.63,0.4483,0.3908,0.0955,0.8085,68.53,3.94,3.16,0.616,6.52,470228728,0.763
Vietnam,Asia,lower-middle,2017,4139.41,4.26,0.4651,0.3815,0.0936,0.7924,68.6,4.65,3.55,0.547,4.36,1076276524,0.759
Vietnam,Asia,lower-middle,2018,4523.13,2.7,0.4519,0.3695,0.088,0.8111,68.55,4.48,3.06,0.5748,9.87,518746469,0.767
Vietnam,Asia,lower-middle,2019,3972.86,0.72,0.4371,0.3949,0.1104,0.7971,67.96,4.16,3.26,0.6054,3.87,181106080,0.756
Vietnam,Asia,lower-middle,2020,2943.62,-4.57,0.4271,0.3845,0.1207,0.7801,69.79,4.05,3.75,0.6745,5.61,339539785,0.748
Vietnam,Asia,lower-middle,2021,5547.7,4.61,0.4316,0.3926,0.0803,0.8082,69.38,3.88,3.8,0.6511,6.2,823663000,0.778
Vietnam,Asia,lower-middle,2022,4931.96,2.8,0.3955,0.3834,0.0926,0.8134,68.4,4.34,3.28,0.7133,11.9,364080919,0.77
Vietnam,Asia,lower-middle,2023,5471.56,4.32,0.3881,0.3928,0.1025,0.8351,69.6,4.11,3.76,0.724,8.27,453628740,0.786
Thailand,Asia,middle,2015,12163.35,1.04,0.275,0.4248,0.0878,0.907,73.49,6.4,4.3,0.733,2.69,1248359948,0.854
Thailand,Asia,middle,2016,12714.61,-0.99,0.2836,0.3914,0.0814,0.8979,74.09,6.22,3.8,0.7546,0.1,1394646228,0.856
Thailand,Asia,middle,2017,13273.87,1.99,0.2669,0.4127,0.0942,0.9048,72.98,6.11,4.11,0.7809,2.9,287128546,0.854
Thailand,Asia,middle,2018,13124.12,1.39,0.23,0.4138,0.1015,0.8873,73.26,6.08,4.33,0.7647,3.59,1344179993,0.85
Thailand,Asia,middle,2019,12401.66,0.21,0.2418,0.4209,0.0945,0.9046,73.69,5.61,4.14,0.8183,3.89,699830059,0.855
Thailand,Asia,middle,2020,11505.94,0.04,0.2596,0.4225,0.1296,0.8914,73.72,6.21,4.26,0.8693,2.11,167276479,0.849
Thailand,Asia,middle,2021,13226.03,2.6,0.2241,0.402,0.0771,0.9135,74.41,6.01,3.73,0.8506,2.86,586600233,0.863
Thailand,Asia,middle,2022,11373.99,0.2,0.2043,0.4167,0.0791,0.9091,74.72,6.38,4.16,0.8676,4.57,7050053,0.858
Thailand,Asia,middle,2023,14524.87,2.39,0.2404,0.4301,0.0624,0.9137,74.16,6.6,3.99,0.9192,0.55,1316812037,0.866
Philippines,Asia,lower-middle,2015,3924.64,0.36,0.4465,0.3675,0.1218,0.7982,67.32,3.49,3.31,0.5441,9.37,204537919,0.753
Philippines,Asia,lower-middle,2016,4076.92,2.87,0.4209,0.3898,0.1087,0.7913,68.79,4.02,3.21,0.5688,6.84,1313257158,0.759
Philippines,Asia,lower-middle,2017,4385.56,1.75,0.4239,0.3779,0.1074,0.7849,68.96,4.23,3.38,0.5873,6.91,384469899,0.76
Philippines,Asia,lower-middle,2018,4193.98,4.42,0.3867,0.3809,0.0928,0.8216,68.66,4.22,3.17,0.5751,6.23,957546366,0.768
Philippines,Asia,lower-middle,2019,4388.44,1.08,0.4038,0.3502,0.0939,0.8148,68.21,4.2,3.3,0.572,5.31,837388526,0.766
Philippines,Asia,lower-middle,2020,3355.85,-3.67,0.4368,0.3907,0.1199,0.8031,69.6,3.85,3.97,0.6242,3.77,835798476,0.759
Philippines,Asia,lower-middle,2021,4618.15,3.53,0.3947,0.3929,0.0934,0.8076,69.08,3.82,3.53,0.6739,6.07,155978122,0.769
Philippines,Asia,lower-middle,2022,5532.28,5.3,0.3712,0.3934,0.1083,0.8099,69.41,5.11,3.31,0.6439,5.56,715238167,0.778
Philippines,Asia,lower-middle,2023,4917.03,1.76,0.3947,0.3939,0.0954,0.8307,69.35,4.47,3.28,0.7276,6.01,446705579,0.78
Nigeria,Africa,lower-middle,2015,3739.69,2.22,0.4443,0.3649,0.0966,0.7997,67.81,4.14,3.62,0.5872,10.28,1083380846,0.754
Nigeria,Africa,lower-middle,2016,3881.1,4.65,0.4485,0.3673,0.1125,0.8098,68.13,4.03,2.89,0.5379,11.78,211782075,0.76
Nigeria,Africa,lower-middle,2017,4282.32,2.38,0.4698,0.3737,0.1126,0.8079,68.94,4.49,2.87,0.6013,7.78,652197845,0.766
Nigeria,Africa,lower-middle,2018,4273.67,3.38,0.4113,0.4085,0.1024,0.8071,68.53,4.67,3.85,0.6065,7.63,9776415,0.764
Nigeria,Africa,lower-middle,2019,4629.22,2.03,0.4209,0.368,0.0962,0.8024,68.56,4.45,3.59,0.6361,6.4,648334753,0.766
Nigeria,Africa,lower-middle,2020,3176.23,-4.94,0.4265,0.3641,0.1022,0.8118,69.42,4.29,3.97,0.6174,6.17,974493210,0.759
Nigeria,Africa,lower-middle,2021,4729.32,3.74,0.3962,0.3795,0.0927,0.8227,68.95,3.98,3.8,0.6455,2.92,745913052,0.774
Nigeria,Africa,lower-middle,2022,5087.48,3.04,0.4151,0.4002,0.0824,0.8061,69.22,3.57,3.64,0.6803,11.69,993912741,0.773
Nigeria,Africa,lower-middle,2023,5646.96,3.86,0.4079,0.3788,0.0705,0.8096,69.55,4.31,3.05,0.6558,7.49,1285225174,0.779
Ethiopia,Africa,low,2015,1120.52,4.74,0.6964,0.4477,0.1528,0.6066,61.36,3.59,2.79,0.3249,4.3,493071081,0.623
Ethiopia,Africa,low,2016,1279.31,0.29,0.6447,0.4195,0.1416,0.6025,62.5,2.93,2.85,0.3888,7.47,761365318,0.632
Ethiopia,Africa,low,2017,1232.33,-2.01,0.6104,0.4222,0.1266,0.6083,62.34,2.56,2.75,0.3924,1.68,700454029,0.631
Ethiopia,Africa,low,2018,1210.79,2.5,0.6116,0.428,0.1406,0.6211,63.19,1.89,2.52,0.3418,4.02,994957638,0.639
Ethiopia,Africa,low,2019,1290.26,3.3,0.6206,0.4667,0.1246,0.59,63.35,2.47,2.69,0.3965,6.1,1011592912,0.632
Ethiopia,Africa,low,2020,1074.09,-1.27,0.6205,0.4239,0.1485,0.6049,63.74,2.93,2.47,0.4586,5.07,744103899,0.632
Ethiopia,Africa,low,2021,1591.8,4.56,0.579,0.4376,0.1349,0.6347,62.7,3.0,2.97,0.4759,6.75,539061312,0.65
Ethiopia,Africa,low,2022,1266.15,0.53,0.5616,0.4279,0.1341,0.618,62.81,2.18,3.15,0.5008,6.89,479067713,0.638
Ethiopia,Africa,low,2023,1362.49,1.4,0.5831,0.4265,0.1281,0.6131,62.48,2.93,3.16,0.5442,5.6,239878997,0.637
Egypt,Africa,lower-middle,2015,3689.32,-2.37,0.4198,0.3884,0.0961,0.797,67.41,4.19,3.4,0.565,8.41,1222039412,0.751
Egypt,Africa,lower-middle,2016,4082.4,-0.59,0.4446,0.3783,0.092,0.7981,67.94,4.01,3.12,0.5662,5.6,55283084,0.757
Egypt,Africa,lower-middle,2017,4051.02,0.84,0.4216,0.3958,0.1275,0.7988,68.14,3.14,3.91,0.6174,2.67,1278940919,0.758
Egypt,Africa,lower-middle,2018,4837.64,3.93,0.4244,0.3897,0.1074,0.7968,68.7,4.26,3.39,0.6391,3.99,734597246,0.766
Egypt,Africa,lower-middle,2019,4757.52,4.81,0.4457,0.3404,0.0968,0.8091,68.85,3.83,3.84,0.5882,5.58,421464408,0.77
Egypt,Africa,lower-middle,2020,2860.95,-5.58,0.4113,0.3832,0.1319,0.8245,69.25,4.37,3.86,0.6165,5.75,993887596,0.758
Egypt,Africa,lower-middle,2021,5277.36,5.65,0.4008,0.371,0.1008,0.8065,69.7,4.68,3.58,0.6802,7.71,261054448,0.777
Egypt,Africa,lower-middle,2022,4532.45,1.4,0.4356,0.3971,0.1097,0.8157,68.77,3.51,4.06,0.6827,8.17,1305644466,0.77
Egypt,Africa,lower-middle,2023,3126.33,-2.75,0.3756,0.4025,0.1086,0.815,68.58,5.04,3.98,0.7304,4.97,113229287,0.755
DR Congo,Africa,low,2015,1112.32,2.13,0.6166,0.4144,0.1423,0.5945,62.76,2.82,2.38,0.3449,4.34,1367816659,0.626
DR Congo,Africa,low,2016,1236.58,1.44,0.6106,0.4023,0.1312,0.602,62.04,3.2,2.53,0.3719,6.1,557317698,0.628
DR Congo,Africa,low,2017,1173.14,2.27,0.608,0.4428,0.1512,0.6098,61.04,2.78,2.81,0.4181,7.46,421376545,0.624
DR Congo,Africa,low,2018,1408.06,4.85,0.6357,0.4145,0.1214,0.5966,62.21,3.01,2.63,0.3764,1.95,408939372,0.632
DR Congo,Africa,low,2019,1192.52,-0.61,0.6553,0.4311,0.1171,0.601,62.14,3.3,2.68,0.4621,8.51,1147451408,0.627
DR Congo,Africa,low,2020,1152.88,-1.0,0.6731,0.4472,0.1485,0.6064,62.92,2.71,2.55,0.4284,2.47,598243644,0.631
DR Congo,Africa,low,2021,2154.38,9.02,0.6047,0.4482,0.1248,0.61,62.53,3.15,2.72,0.4648,6.57,238929910,0.653
DR Congo,Africa,low,2022,1557.65,3.26,0.5776,0.4094,0.1235,0.5942,63.07,3.56,2.52,0.465,10.99,34268923,0.639
DR Congo,Africa,low,2023,1708.91,3.69,0.5733,0.4501,0.1131,0.6009,62.62,2.79,2.58,0.5012,5.86,1366258203,0.642
Tanzania,Africa,low,2015,1208.82,1.78,0.7001,0.4195,0.1388,0.5957,62.44,2.86,2.68,0.3274,5.03,1319462589,0.628
Tanzania,Africa,low,2016,1326.26,4.48,0.6297,0.4479,0.1174,0.6093,62.45,2.74,2.9,0.4009,9.18,768315511,0.635
Tanzania,Africa,low,2017,1353.08,5.03,0.6637,0.4419,0.1257,0.6094,62.79,2.31,3.31,0.3378,8.76,1263696111,0.637
Tanzania,Africa,low,2018,1365.4,3.26,0.6336,0.4483,0.1406,0.6147,62.29,2.57,2.9,0.438,6.44,207708302,0.637
Tanzania,Africa,low,2019,1379.24,2.09,0.6064,0.4414,0.1196,0.6176,62.77,2.76,2.84,0.3914,7.27,724234129,0.64
Tanzania,Africa,low,2020,955.35,-4.47,0.6267,0.4304,0.1647,0.6089,61.97,3.5,3.22,0.4385,4.89,845579362,0.621
Tanzania,Africa,low,2021,1710.53,5.4,0.6128,0.4429,0.1153,0.6231,61.93,3.25,2.78,0.4739,4.64,60745877,0.646
Tanzania,Africa,low,2022,1441.45,3.46,0.6076,0.4348,0.1217,0.604,62.96,1.93,2.85,0.5329,5.25,944387163,0.639
Tanzania,Africa,low,2023,1432.12,3.07,0.5894,0.4414,0.1119,0.6239,62.49,2.76,2.55,0.5361,9.79,1358224380,0.642
Kenya,Africa,lower-middle,2015,4234.26,4.78,0.4506,0.3842,0.0998,0.8032,67.99,3.87,3.75,0.5568,7.04,423187626,0.76
Kenya,Africa,lower-middle,2016,4356.96,3.01,0.4077,0.3847,0.0988,0.8032,67.59,4.08,3.11,0.543,1.99,1327272893,0.759
Kenya,Africa,lower-middle,2017,3625.59,-1.65,0.4323,0.3642,0.0894,0.7948,68.05,4.05,3.59,0.5633,7.8,307948267,0.752
Kenya,Africa,lower-middle,2018,4478.69,5.92,0.4226,0.3681,0.0723,0.8028,68.33,4.2,3.88,0.6116,7.61,20927403,0.763
Kenya,Africa,lower-middle,2019,4058.35,0.8,0.3887,0.3617,0.1016,0.7991,68.86,4.21,2.91,0.6496,9.03,630065299,0.761
Kenya,Africa,lower-middle,2020,3383.79,-2.98,0.4129,0.39,0.1531,0.8206,68.93,3.94,3.89,0.6504,6.89,39968399,0.762
Kenya,Africa,lower-middle,2021,5064.11,3.66,0.4254,0.3743,0.0867,0.8148,69.33,3.7,3.17,0.6279,10.3,642831750,0.776
Kenya,Africa,lower-middle,2022,5157.39,3.57,0.4125,0.3735,0.0748,0.8147,69.16,4.49,3.53,0.7127,17.56,1118731645,0.776
Kenya,Africa,lower-middle,2023,4989.93,2.2,0.3573,0.3751,0.098,0.8049,69.77,4.26,3.33,0.6919,3.54,351091948,0.775
South Africa,Africa,middle,2015,12084.43,-0.36,0.2844,0.4285,0.0856,0.8856,72.71,5.78,4.52,0.7252,1.11,355315613,0.844
South Africa,Africa,middle,2016,12552.1,3.83,0.2559,0.4221,0.1,0.8881,73.23,5.56,3.76,0.7178,6.48,13625146,0.848
South Africa,Africa,middle,2017,13700.43,3.74,0.2942,0.397,0.088,0.907,73.39,5.26,3.93,0.7581,4.84,822491074,0.858
South Africa,Africa,middle,2018,13606.64,3.9,0.2509,0.4304,0.0958,0.898,72.5,5.84,4.5,0.8218,5.28,1315382991,0.851
South Africa,Africa,middle,2019,11967.11,1.76,0.2472,0.4402,0.0719,0.9306,73.26,6.84,4.12,0.7898,2.88,419180685,0.86
South Africa,Africa,middle,2020,8535.32,-6.53,0.2593,0.3812,0.1286,0.9122,73.23,5.94,4.43,0.7844,0.55,599286895,0.842
South Africa,Africa,middle,2021,17997.62,6.34,0.2626,0.3921,0.0886,0.9063,74.0,6.4,4.04,0.7906,7.26,243359007,0.87
South Africa,Africa,middle,2022,14277.5,1.68,0.2423,0.4215,0.0786,0.9107,74.23,5.52,4.12,0.8694,9.66,586209358,0.864
South Africa,Africa,middle,2023,15573.46,2.81,0.1793,0.4276,0.0884,0.9173,74.32,5.57,3.93,0.8516,5.01,403207094,0.87
Ghana,Africa,lower-middle,2015,3873.78,1.28,0.4573,0.4173,0.1125,0.7885,68.17,4.78,3.05,0.5523,7.31,398921377,0.753
Ghana,Africa,lower-middle,2016,4047.92,1.41,0.4218,0.3562,0.0934,0.8062,67.82,3.96,3.73,0.5533,10.33,33715260,0.759
Ghana,Africa,lower-middle,2017,3933.05,0.98,0.4726,0.3504,0.1075,0.7833,68.31,3.37,3.4,0.6393,7.9,1399185778,0.753
Ghana,Africa,lower-middle,2018,4730.81,7.28,0.4335,0.3394,0.0937,0.8011,68.77,4.21,3.08,0.5805,7.5,161599009,0.767
Ghana,Africa,lower-middle,2019,3865.08,-0.38,0.3805,0.3857,0.1175,0.8057,68.18,4.6,3.6,0.6687,3.77,1360204695,0.758
Ghana,Africa,lower-middle,2020,3256.13,-3.18,0.4392,0.3959,0.1454,0.7917,68.18,4.6,3.31,0.6253,8.29,734110223,0.748
Ghana,Africa,lower-middle,2021,5699.88,4.96,0.3882,0.3939,0.112,0.8043,68.28,4.28,3.84,0.6418,7.09,73840394,0.772
Ghana,Africa,lower-middle,2022,5185.96,2.95,0.4274,0.396,0.0868,0.8113,69.0,4.51,3.69,0.6941,8.53,829442314,0.774
Ghana,Africa,lower-middle,2023,4067.72,0.6,0.3924,0.3915,0.1013,0.8069,68.91,4.13,3.99,0.7269,3.69,178232548,0.764
Mozambique,Africa,low,2015,1152.49,2.47,0.6525,0.4475,0.1281,0.604,62.22,2.2,2.53,0.3502,5.61,582915635,0.627
Mozambique,Africa,low,2016,1183.66,4.78,0.6343,0.4325,0.1342,0.6076,62.06,2.44,2.43,0.4005,8.93,884619657,0.629
Mozambique,Africa,low,2017,1168.39,0.77,0.6015,0.4149,0.1129,0.6105,61.64,3.19,2.92,0.3988,11.16,664650168,0.627
Mozambique,Africa,low,2018,1357.44,4.79,0.6105,0.4137,0.1512,0.5976,62.82,2.74,2.7,0.3719,6.75,512830032,0.634
Mozambique,Africa,low,2019,1279.7,1.28,0.6153,0.4553,0.14,0.625,62.26,2.85,2.01,0.4215,7.25,1080162478,0.637
Mozambique,Africa,low,2020,1031.54,-2.99,0.6426,0.4373,0.1621,0.6131,61.57,2.59,2.57,0.449,6.22,218534006,0.623
Mozambique,Africa,low,2021,1486.87,3.91,0.6206,0.4487,0.1201,0.6239,63.68,2.82,2.41,0.4641,5.32,1381728769,0.649
Mozambique,Africa,low,2022,1261.03,-0.16,0.5928,0.4572,0.1166,0.6168,62.8,2.46,2.62,0.4756,12.64,459823356,0.637
Mozambique,Africa,low,2023,1108.45,-1.11,0.5786,0.4338,0.1111,0.6299,63.36,3.16,2.81,0.508,10.74,250829711,0.639
Uganda,Africa,low,2015,1190.94,2.52,0.6612,0.4337,0.1191,0.5901,61.52,2.84,2.61,0.3648,0.1,1116504950,0.621
Uganda,Africa,low,2016,1269.86,2.34,0.6638,0.4081,0.1235,0.6134,61.85,3.04,2.85,0.3913,11.55,478288233,0.632
Uganda,Africa,low,2017,1164.82,2.59,0.6452,0.4249,0.1136,0.6149,62.75,3.6,3.48,0.3547,6.16,560011992,0.633
Uganda,Africa,low,2018,1313.19,2.49,0.6496,0.4337,0.1148,0.6075,63.42,3.31,2.62,0.3981,4.17,129314911,0.638
Uganda,Africa,low,2019,1475.54,5.37,0.6111,0.4353,0.1437,0.6187,62.33,2.5,2.58,0.3785,7.08,44028538,0.641
Uganda,Africa,low,2020,910.6,-5.41,0.6656,0.4496,0.1739,0.5942,62.2,3.44,2.68,0.4317,6.05,353817800,0.616
Uganda,Africa,low,2021,1568.4,3.5,0.5771,0.4291,0.1249,0.6149,61.9,2.35,3.08,0.466,5.69,1067134918,0.64
Uganda,Africa,low,2022,1367.23,2.31,0.5541,0.421,0.1103,0.6133,63.23,3.64,2.35,0.5248,11.96,465954875,0.641
Uganda,Africa,low,2023,1404.22,2.0,0.586,0.4541,0.111,0.6127,63.83,2.96,2.75,0.4873,7.88,301043004,0.644
Saudi Arabia,Middle East,high,2015,45865.69,1.37,0.0976,0.3042,0.0563,0.9702,79.6,9.33,5.09,0.8608,5.26,603372628,0.949
Saudi Arabia,Middle East,high,2016,49763.95,3.09,0.1107,0.3105,0.0623,0.98,79.92,9.52,4.98,0.9248,4.46,59101132,0.956
Saudi Arabia,Middle East,high,2017,48392.3,5.29,0.0831,0.3223,0.0516,0.9838,80.25,9.99,5.18,0.9071,6.09,1343427830,0.958
Saudi Arabia,Middle East,high,2018,53012.72,3.02,0.102,0.3371,0.08,0.9633,79.99,10.23,4.96,0.99,3.87,752997300,0.953
Saudi Arabia,Middle East,high,2019,57839.65,6.4,0.1085,0.2905,0.0542,0.9882,79.93,9.04,5.25,0.937,3.23,707458181,0.964
Saudi Arabia,Middle East,high,2020,40252.6,-3.05,0.1052,0.3302,0.0984,0.9945,80.45,10.34,5.34,0.99,0.1,601841637,0.955
Saudi Arabia,Middle East,high,2021,61696.83,4.06,0.0395,0.3158,0.043,0.9885,82.22,10.33,5.59,0.99,2.91,559420966,0.977
Saudi Arabia,Middle East,high,2022,52827.19,3.35,0.0862,0.3109,0.041,0.9871,80.33,9.56,5.68,0.99,8.84,488197278,0.962
Saudi Arabia,Middle East,high,2023,52517.51,2.02,0.0312,0.327,0.0582,0.9786,80.67,9.8,5.61,0.99,6.19,1100617947,0.961
Turkey,Middle East,middle,2015,11735.6,1.42,0.2786,0.4281,0.0988,0.8933,72.97,5.58,3.45,0.726,5.02,1343539083,0.846
Turkey,Middle East,middle,2016,12139.38,3.85,0.2688,0.4356,0.0953,0.9104,73.67,5.86,4.16,0.7786,0.47,445359567,0.856
Turkey,Middle East,middle,2017,13406.71,2.7,0.2543,0.4181,0.0997,0.896,73.26,6.4,4.36,0.746,0.1,1049450055,0.853
Turkey,Middle East,middle,2018,14054.07,6.36,0.2439,0.4308,0.0765,0.9306,73.61,6.18,4.87,0.8322,5.45,1092137161,0.867
Turkey,Middle East,middle,2019,11379.79,-0.05,0.2547,0.4372,0.093,0.9207,73.74,5.54,3.8,0.7535,5.16,119282073,0.857
Turkey,Middle East,middle,2020,9680.2,-5.21,0.2964,0.437,0.1166,0.9198,74.28,5.68,3.99,0.8259,4.31,60127465,0.853
Turkey,Middle East,middle,2021,19218.18,7.59,0.2429,0.4296,0.0845,0.921,73.22,6.08,4.18,0.8424,2.35,720127278,0.873
Turkey,Middle East,middle,2022,14888.18,3.81,0.2378,0.4125,0.0813,0.9106,74.04,5.73,4.01,0.8354,8.9,678280911,0.865
Turkey,Middle East,middle,2023,17113.58,4.55,0.2068,0.395,0.0771,0.9138,74.34,5.47,4.36,0.9373,4.69,822022751,0.872
Iran,Middle East,middle,2015,11401.54,0.13,0.3012,0.4114,0.0872,0.9136,72.82,5.54,4.36,0.7604,0.35,165097813,0.851
Iran,Middle East,middle,2016,11263.89,1.07,0.2582,0.4161,0.0776,0.8905,73.17,5.26,3.94,0.7983,2.64,976853753,0.845
Iran,Middle East,middle,2017,12653.37,0.32,0.2799,0.4233,0.087,0.9018,73.68,5.58,4.78,0.7054,2.01,1130838160,0.855
Iran,Middle East,middle,2018,13740.45,2.27,0.2378,0.4128,0.1129,0.9023,73.76,5.47,3.87,0.7994,6.11,1291584579,0.858
Iran,Middle East,middle,2019,12868.73,0.49,0.2552,0.4305,0.0778,0.9243,72.8,5.9,4.33,0.7794,1.39,704477453,0.858
Iran,Middle East,middle,2020,10263.69,-1.73,0.2921,0.4393,0.1243,0.9082,73.01,6.04,4.0,0.8386,2.86,1124533308,0.846
Iran,Middle East,middle,2021,15916.41,5.06,0.2341,0.4115,0.0883,0.9141,73.41,6.0,4.44,0.8344,6.48,900859499,0.865
Iran,Middle East,middle,2022,14268.0,2.83,0.2248,0.42,0.0965,0.9162,73.54,6.39,4.31,0.8259,2.74,1351939595,0.863
Iran,Middle East,middle,2023,18548.4,5.77,0.2422,0.409,0.0733,0.9072,74.77,5.5,4.21,0.872,6.09,1131832846,0.875
Iraq,Middle East,middle,2015,11875.76,2.81,0.2904,0.3987,0.0912,0.9083,73.42,5.54,4.07,0.696,0.1,302674612,0.853
Iraq,Middle East,middle,2016,11753.49,1.89,0.296,0.4258,0.0984,0.8952,71.69,6.21,3.83,0.6795,0.1,287831269,0.841
Iraq,Middle East,middle,2017,13795.95,3.91,0.256,0.4319,0.1047,0.9109,73.04,5.57,3.3,0.7655,4.95,560685526,0.858
Iraq,Middle East,middle,2018,12887.22,0.16,0.2531,0.4002,0.0883,0.9035,73.39,6.47,4.17,0.7712,1.16,126241577,0.855
Iraq,Middle East,middle,2019,13062.52,3.8,0.2154,0.4011,0.0973,0.9173,73.97,6.41,4.67,0.7648,1.53,952895319,0.862
Iraq,Middle East,middle,2020,9019.74,-6.1,0.245,0.4088,0.0864,0.9052,73.11,5.5,4.11,0.8281,6.69,690761730,0.841
Iraq,Middle East,middle,2021,17934.56,6.58,0.2373,0.4188,0.0807,0.9065,73.91,6.1,4.03,0.8076,6.72,931036866,0.87
Iraq,Middle East,middle,2022,14517.25,3.48,0.235,0.4261,0.0836,0.9148,74.03,6.96,4.56,0.8817,7.18,717737638,0.865
Iraq,Middle East,middle,2023,16511.15,3.26,0.2133,0.4328,0.0858,0.9079,74.38,5.71,4.4,0.9095,2.14,161876288,0.869
Israel,Middle East,high,2015,45814.44,2.77,0.1176,0.3081,0.0553,0.9663,80.35,9.71,5.65,0.89,4.54,1014429607,0.951
Israel,Middle East,high,2016,45968.83,1.39,0.1196,0.307,0.056,0.993,80.02,9.41,5.38,0.894,4.24,533873036,0.957
Israel,Middle East,high,2017,44525.05,1.32,0.1098,0.3366,0.0474,0.9793,80.92,9.28,5.47,0.9176,0.1,507438361,0.956
Israel,Middle East,high,2018,48194.84,4.56,0.1119,0.3404,0.0553,0.9862,80.82,9.52,5.69,0.9824,2.68,1316967697,0.961
Israel,Middle East,high,2019,57421.69,4.92,0.0873,0.2946,0.0452,0.999,80.45,9.79,5.3,0.9073,3.07,463792643,0.969
Israel,Middle East,high,2020,33103.17,-4.93,0.082,0.3161,0.0646,0.9967,81.27,9.02,5.14,0.9621,2.84,797143135,0.953
Israel,Middle East,high,2021,57241.65,3.52,0.085,0.3191,0.0416,0.9852,81.48,8.94,5.59,0.99,4.54,793401862,0.97
Israel,Middle East,high,2022,62067.68,5.14,0.0465,0.3196,0.0317,0.999,80.95,8.82,5.6,0.99,8.77,168419975,0.974
Israel,Middle East,high,2023,48478.22,1.74,0.0589,0.3288,0.0512,0.9769,81.25,9.31,5.27,0.99,1.87,175346097,0.96
Australia,Oceania,high,2015,45868.01,1.29,0.1002,0.341,0.0647,0.9595,81.18,9.63,5.36,0.9056,1.06,749730434,0.953
Australia,Oceania,high,2016,44177.13,4.24,0.131,0.3159,0.0577,0.9715,79.74,8.95,5.29,0.8328,2.73,290693346,0.948
Australia,Oceania,high,2017,44160.34,2.79,0.0936,0.3207,0.0676,0.999,80.87,9.32,5.35,0.9561,0.1,907448976,0.962
Australia,Oceania,high,2018,44877.22,0.5,0.096,0.3093,0.0526,0.9821,80.33,9.49,5.49,0.9213,4.42,407150219,0.955
Australia,Oceania,high,2019,49888.14,0.96,0.1202,0.3096,0.0575,0.9779,79.76,9.5,5.3,0.9624,1.08,1176839236,0.955
Australia,Oceania,high,2020,33973.51,-5.53,0.1075,0.3206,0.0856,0.9727,80.5,9.45,5.44,0.9722,5.57,18654424,0.943
Australia,Oceania,high,2021,51042.22,2.46,0.0762,0.3263,0.055,0.999,81.08,9.54,5.23,0.99,5.52,463342609,0.968
Australia,Oceania,high,2022,46532.36,1.66,0.0551,0.3218,0.0363,0.9908,81.35,9.2,5.4,0.99,6.93,707185684,0.963
Australia,Oceania,high,2023,70126.34,6.38,0.01,0.3337,0.0441,0.999,81.06,9.57,5.63,0.99,8.48,395267617,0.979
New Zealand,Oceania,high,2015,47516.18,5.3,0.1519,0.3408,0.0569,0.9727,80.01,9.1,4.87,0.8644,3.68,1306139592,0.953
New Zealand,Oceania,high,2016,49150.96,1.86,0.0914,0.332,0.0511,0.9787,80.57,9.59,5.38,0.941,1.78,98201190,0.958
New Zealand,Oceania,high,2017,49196.99,5.56,0.1024,0.2889,0.0455,0.9884,79.18,9.3,5.84,0.99,4.23,1162233615,0.955
New Zealand,Oceania,high,2018,43159.23,0.28,0.0702,0.2924,0.0611,0.9885,80.17,9.13,5.91,0.946,1.58,835385673,0.955
New Zealand,Oceania,high,2019,46392.38,0.04,0.1105,0.3147,0.06,0.9874,80.72,9.28,5.02,0.99,2.31,1234562653,0.959
New Zealand,Oceania,high,2020,39528.53,-3.09,0.138,0.3277,0.0905,0.999,80.96,9.29,4.92,0.9311,2.31,1341571212,0.958
New Zealand,Oceania,high,2021,49877.52,1.81,0.0678,0.3542,0.0327,0.9817,80.68,10.02,5.5,0.9729,6.64,461924895,0.96
New Zealand,Oceania,high,2022,55478.2,2.96,0.082,0.3528,0.0381,0.999,81.24,9.7,4.99,0.99,5.0,1079432602,0.972
New Zealand,Oceania,high,2023,53858.9,2.15,0.0337,0.3172,0.0566,0.9948,81.6,10.06,5.57,0.99,3.73,693637135,0.971
Papua New Guinea,Oceania,lower-middle,2015,3881.34,1.85,0.4648,0.3906,0.1002,0.7986,67.79,4.08,3.81,0.5399,3.65,1185808799,0.755
Papua New Guinea,Oceania,lower-middle,2016,4114.8,2.79,0.4465,0.3797,0.1029,0.7902,68.04,4.44,3.03,0.576,7.25,70250123,0.755
Papua New Guinea,Oceania,lower-middle,2017,4346.14,2.88,0.4203,0.3872,0.0987,0.8078,68.64,3.81,3.76,0.5569,8.43,623489124,0.765
Papua New Guinea,Oceania,lower-middle,2018,4421.6,3.48,0.4268,0.3813,0.0929,0.7878,68.1,3.64,4.01,0.6065,6.14,1144147819,0.757
Papua New Guinea,Oceania,lower-middle,2019,4997.53,3.91,0.425,0.4084,0.0988,0.804,69.09,3.84,3.72,0.6722,6.4,207133992,0.771
Papua New Guinea,Oceania,lower-middle,2020,3374.78,-3.4,0.4253,0.3646,0.1301,0.8354,69.07,4.2,3.13,0.593,6.31,927112688,0.767
Papua New Guinea,Oceania,lower-middle,2021,4690.22,3.0,0.4178,0.3944,0.0886,0.8011,68.76,4.42,3.51,0.6757,7.11,47817546,0.767
Papua New Guinea,Oceania,lower-middle,2022,4649.48,2.68,0.3887,0.3544,0.0946,0.8202,68.94,4.34,3.42,0.701,13.39,1066871134,0.773
Papua New Guinea,Oceania,lower-middle,2023,4575.74,1.12,0.3728,0.3736,0.1006,0.8179,69.8,4.52,3.15,0.7069,9.47,464446034,0.776
Russia,Europe,middle,2015,12113.19,3.14,0.2817,0.4237,0.0691,0.8885,73.38,6.34,4.45,0.7147,0.1,1270311680,0.848
Russia,Europe,middle,2016,11223.77,0.74,0.3001,0.4085,0.0787,0.9051,72.51,5.83,3.9,0.7565,8.0,1068060121,0.846
Russia,Europe,middle,2017,11700.04,2.25,0.2643,0.4269,0.0923,0.8961,72.6,6.4,4.25,0.7676,1.95,945681356,0.845
Russia,Europe,middle,2018,12346.32,2.04,0.2848,0.4354,0.0866,0.8975,73.91,5.87,4.05,0.7845,5.43,148796400,0.854
Russia,Europe,middle,2019,13302.51,3.83,0.2495,0.3812,0.1106,0.9155,73.31,6.07,4.27,0.7821,3.85,747281536,0.859
Russia,Europe,middle,2020,8599.44,-5.52,0.2724,0.3851,0.1172,0.9007,74.41,6.07,4.33,0.8058,6.63,833406538,0.844
Russia,Europe,middle,2021,18758.03,7.59,0.227,0.4189,0.0724,0.8976,74.22,6.68,3.93,0.8554,0.1,853031941,0.87
Russia,Europe,middle,2022,13493.48,1.9,0.2342,0.4323,0.0842,0.9043,73.78,5.81,3.76,0.8355,4.58,584728169,0.858
Russia,Europe,middle,2023,11151.88,-1.51,0.233,0.439,0.0752,0.9114,74.1,5.94,4.4,0.8599,5.72,633633367,0.855
Kazakhstan,Asia,middle,2015,11161.45,1.29,0.2947,0.4,0.0972,0.9129,74.29,5.52,4.41,0.7077,5.46,838789092,0.857
Kazakhstan,Asia,middle,2016,11342.62,-2.31,0.2864,0.4044,0.0965,0.9077,73.43,5.35,4.01,0.7355,0.1,948085593,0.852
Kazakhstan,Asia,middle,2017,12609.69,0.07,0.2913,0.429,0.0728,0.8971,74.0,5.85,3.64,0.8204,4.91,428255491,0.855
Kazakhstan,Asia,middle,2018,10364.52,-3.29,0.2543,0.4271,0.082,0.904,72.64,6.37,4.27,0.7893,4.72,155998140,0.844
Kazakhstan,Asia,middle,2019,12109.31,0.89,0.2518,0.4173,0.1037,0.8982,73.37,6.26,4.23,0.8053,1.09,1024509129,0.851
Kazakhstan,Asia,middle,2020,8845.03,-6.09,0.2393,0.4162,0.1351,0.9082,73.36,5.8,4.05,0.796,9.06,1262738408,0.843
Kazakhstan,Asia,middle,2021,20241.54,9.81,0.2407,0.4215,0.0616,0.9245,74.11,6.32,3.69,0.8334,0.8,229719124,0.88
Kazakhstan,Asia,middle,2022,11193.03,-1.5,0.2247,0.4261,0.0836,0.9267,74.15,5.67,3.72,0.8495,2.12,1231555120,0.86
Kazakhstan,Asia,middle,2023,19020.8,6.22,0.2392,0.4419,0.0818,0.9185,74.83,6.06,4.07,0.8812,6.98,239995584,0.88
